ind/benchmarks-dti/leon/amortize-queue-goal1, 0:00.14, 0.01, 0.00, Unknown
ind/benchmarks-dti/leon/bsearch-tree-goal10, 0:00.08, 0.00, 0.00, Unknown
ind/benchmarks-dti/leon/amortize-queue-goal2, 0:00.08, 0.00, 0.00, Unknown
ind/benchmarks-dti/leon/amortize-queue-goal12, 0:00.08, 0.00, 0.00, Unknown
ind/benchmarks-dti/leon/amortize-queue-goal4, 0:00.08, 0.00, 0.00, Unknown
ind/benchmarks-dti/leon/bsearch-tree-goal6, 0:00.08, 0.01, 0.00, Unknown
ind/benchmarks-dti/leon/heap-goal7, 0:00.08, 0.00, 0.00, Unknown
ind/benchmarks-dti/leon/amortize-queue-goal8, 0:00.08, 0.00, 0.00, Unknown
ind/benchmarks-dti/leon/bsearch-tree-goal11, 0:00.08, 0.01, 0.00, Unknown
ind/benchmarks-dti/leon/bsearch-tree-goal4, 0:00.08, 0.01, 0.00, Unknown
ind/benchmarks-dti/leon/bsearch-tree-goal8, 0:00.08, 0.01, 0.00, Unknown
ind/benchmarks-dti/leon/amortize-queue-goal9, 0:00.08, 0.00, 0.00, Unknown
ind/benchmarks-dti/leon/heap-goal5, 0:00.08, 0.00, 0.00, Unknown
ind/benchmarks-dti/leon/amortize-queue-goal10, 0:00.08, 0.00, 0.00, Unknown
ind/benchmarks-dti/leon/bsearch-tree-goal1, 0:00.08, 0.00, 0.00, Unknown
ind/benchmarks-dti/leon/bsearch-tree-goal2, 0:00.08, 0.00, 0.00, Unknown
ind/benchmarks-dti/leon/bsearch-tree-goal18, 0:00.08, 0.00, 0.00, Unknown
ind/benchmarks-dti/leon/amortize-queue-goal14, 0:00.08, 0.00, 0.00, Unknown
ind/benchmarks-dti/leon/heap-goal8, 0:00.08, 0.00, 0.00, Unknown
ind/benchmarks-dti/leon/bsearch-tree-goal9, 0:00.08, 0.00, 0.00, Unknown
ind/benchmarks-dti/leon/bsearch-tree-goal16, 0:00.08, 0.01, 0.00, Unknown
ind/benchmarks-dti/leon/bsearch-tree-goal15, 0:00.08, 0.01, 0.00, Unknown
ind/benchmarks-dti/leon/heap-goal11, 0:00.08, 0.00, 0.00, Unknown
ind/benchmarks-dti/leon/amortize-queue-goal3, 0:00.08, 0.00, 0.00, Unknown
ind/benchmarks-dti/leon/bsearch-tree-goal7, 0:00.08, 0.01, 0.00, Unknown
ind/benchmarks-dti/leon/bsearch-tree-goal13, 0:00.08, 0.00, 0.00, Unknown
ind/benchmarks-dti/leon/amortize-queue-goal7, 0:00.08, 0.00, 0.00, Unknown
ind/benchmarks-dti/leon/bsearch-tree-goal5, 0:00.08, 0.00, 0.00, Unknown
ind/benchmarks-dti/leon/heap-goal3, 0:00.08, 0.00, 0.00, Unknown
ind/benchmarks-dti/leon/bsearch-tree-goal3, 0:00.08, 0.00, 0.00, Unknown
ind/benchmarks-dti/leon/bsearch-tree-goal14, 0:00.08, 0.00, 0.00, Unknown
ind/benchmarks-dti/leon/heap-goal6, 0:00.08, 0.00, 0.00, Unknown
ind/benchmarks-dti/leon/amortize-queue-goal5, 0:00.08, 0.00, 0.00, Unknown
ind/benchmarks-dti/leon/heap-goal9, 0:00.08, 0.01, 0.00, Unknown
ind/benchmarks-dti/leon/bsearch-tree-goal12, 0:00.08, 0.01, 0.00, Unknown
ind/benchmarks-dti/leon/amortize-queue-goal13, 0:00.08, 0.00, 0.00, Unknown
ind/benchmarks-dti/leon/heap-goal12, 0:00.08, 0.01, 0.00, Unknown
ind/benchmarks-dti/leon/heap-goal1, 0:00.08, 0.00, 0.00, Unknown
ind/benchmarks-dti/leon/heap-goal13, 0:00.08, 0.01, 0.00, Unknown
ind/benchmarks-dti/leon/heap-goal10, 0:00.08, 0.00, 0.00, Unknown
ind/benchmarks-dti/leon/heap-goal4, 0:00.08, 0.00, 0.00, Unknown
ind/benchmarks-dti/leon/amortize-queue-goal11, 0:00.08, 0.00, 0.00, Unknown
ind/benchmarks-dti/leon/bsearch-tree-goal17, 0:00.08, 0.00, 0.00, Unknown
ind/benchmarks-dti/leon/heap-goal2, 0:00.08, 0.00, 0.00, Unknown
ind/benchmarks-dti/leon/amortize-queue-goal6, 0:00.08, 0.00, 0.00, Unknown
ind/benchmarks-dti/leon/amortize-queue-goal15, 0:00.08, 0.00, 0.00, Unknown
ind/benchmarks-dti/hipspec/rotate-goal9, 2:00.00, 121.09, 1.93, Unknown
ind/benchmarks-dti/hipspec/rev-equiv-goal7, 2:00.00, 120.28, 0.47, Unknown
ind/benchmarks-dti/hipspec/nichomachus-goal4, 2:00.00, 120.48, 1.03, Unknown
ind/benchmarks-dti/hipspec/rotate-goal4, 0:20.15, 20.15, 0.04, Unknown
ind/benchmarks-dti/hipspec/rev-equiv-goal4, 0:00.07, 0.07, 0.00, Proved
ind/benchmarks-dti/hipspec/rotate-goal1, 0:00.93, 0.94, 0.01, Proved
ind/benchmarks-dti/hipspec/nichomachus-goal3, 2:00.01, 120.41, 1.21, Unknown
ind/benchmarks-dti/hipspec/rotate-goal2, 0:00.13, 0.12, 0.00, Proved
ind/benchmarks-dti/hipspec/rev-equiv-goal5, 0:00.07, 0.06, 0.00, Proved
ind/benchmarks-dti/hipspec/rev-equiv-goal1, 0:00.85, 0.86, 0.00, Proved
ind/benchmarks-dti/hipspec/rotate-goal8, 0:17.08, 17.08, 0.16, Unknown
ind/benchmarks-dti/hipspec/nichomachus-goal8, 2:00.00, 120.32, 0.91, Unknown
ind/benchmarks-dti/hipspec/nichomachus-goal1, 0:00.58, 0.58, 0.00, Proved
ind/benchmarks-dti/hipspec/rev-equiv-goal6, 0:00.07, 0.07, 0.00, Proved
ind/benchmarks-dti/hipspec/nichomachus-goal7, 2:00.00, 120.19, 0.73, Unknown
ind/benchmarks-dti/hipspec/nichomachus-goal9, 2:00.00, 120.44, 0.77, Unknown
ind/benchmarks-dti/hipspec/nichomachus-goal6, 0:00.59, 0.60, 0.00, Proved
ind/benchmarks-dti/hipspec/nichomachus-goal5, 2:00.01, 120.09, 0.65, Unknown
ind/benchmarks-dti/hipspec/nichomachus-goal2, 0:00.62, 0.61, 0.02, Proved
ind/benchmarks-dti/hipspec/rotate-goal7, 2:00.00, 120.60, 1.20, Unknown
ind/benchmarks-dti/hipspec/sg/rotate-goal9, 0:00.96, 0.95, 0.03, Proved
ind/benchmarks-dti/hipspec/sg/rev-equiv-goal7, 0:00.08, 0.08, 0.00, Proved
ind/benchmarks-dti/hipspec/sg/nichomachus-goal4, 2:00.01, 120.23, 0.85, Unknown
ind/benchmarks-dti/hipspec/sg/rotate-goal4, 2:00.00, 120.52, 1.26, Unknown
ind/benchmarks-dti/hipspec/sg/nichomachus-goal3, 2:00.01, 120.46, 1.29, Unknown
ind/benchmarks-dti/hipspec/sg/rotate-goal8, 0:00.14, 0.13, 0.00, Proved
ind/benchmarks-dti/hipspec/sg/nichomachus-goal8, 2:00.02, 119.98, 1.00, Unknown
ind/benchmarks-dti/hipspec/sg/rev-equiv-goal6, 0:00.09, 0.07, 0.00, Proved
ind/benchmarks-dti/hipspec/sg/nichomachus-goal7, 2:00.00, 119.87, 0.79, Unknown
ind/benchmarks-dti/hipspec/sg/nichomachus-goal9, 2:00.02, 119.79, 0.88, Unknown
ind/benchmarks-dti/hipspec/sg/nichomachus-goal6, 2:00.03, 119.58, 0.76, Unknown
ind/benchmarks-dti/hipspec/sg/nichomachus-goal5, 2:00.01, 117.63, 2.44, Unknown
ind/benchmarks-dti/hipspec/sg/nichomachus-goal2, 0:06.74, 6.62, 0.15, Proved
ind/benchmarks-dti/hipspec/sg/rotate-goal7, 2:00.00, 120.51, 1.23, Unknown
ind/benchmarks-dti/hipspec/sg/rev-equiv-goal3, 0:00.08, 0.07, 0.00, Proved
ind/benchmarks-dti/hipspec/sg/rev-equiv-goal8, 0:00.43, 0.43, 0.01, Proved
ind/benchmarks-dti/hipspec/rev-equiv-goal2, 0:00.07, 0.07, 0.00, Proved
ind/benchmarks-dti/hipspec/rotate-goal6, 2:00.00, 120.13, 0.83, Unknown
ind/benchmarks-dti/hipspec/rotate-goal3, 0:04.61, 4.55, 0.06, Unknown
ind/benchmarks-dti/hipspec/rotate-goal5, 0:00.13, 0.12, 0.00, Proved
ind/benchmarks-dti/hipspec/rev-equiv-goal3, 2:00.00, 120.42, 0.70, Unknown
ind/benchmarks-dti/hipspec/rev-equiv-goal8, 2:00.00, 120.96, 2.03, Unknown
ind/benchmarks-dti/isaplanner/goal78, 0:00.11, 0.11, 0.00, Proved
ind/benchmarks-dti/isaplanner/goal14, 0:00.26, 0.26, 0.01, Proved
ind/benchmarks-dti/isaplanner/goal4, 0:00.11, 0.11, 0.00, Proved
ind/benchmarks-dti/isaplanner/goal50, 2:00.00, 121.02, 1.44, Unknown
ind/benchmarks-dti/isaplanner/goal40, 0:00.19, 0.18, 0.01, Proved
ind/benchmarks-dti/isaplanner/goal29, 0:01.20, 1.18, 0.02, Proved
ind/benchmarks-dti/isaplanner/goal79, 1:07.16, 67.56, 1.06, Unknown
ind/benchmarks-dti/isaplanner/goal58, 0:07.35, 7.33, 0.02, Unknown
ind/benchmarks-dti/isaplanner/goal52, 2:00.00, 120.75, 1.43, Unknown
ind/benchmarks-dti/isaplanner/goal44, 0:00.09, 0.00, 0.00, Unknown
ind/benchmarks-dti/isaplanner/goal12, 0:03.83, 3.82, 0.02, Unknown
ind/benchmarks-dti/isaplanner/goal20, 2:00.00, 121.10, 1.98, Unknown
ind/benchmarks-dti/isaplanner/goal34, 0:00.12, 0.12, 0.00, Proved
ind/benchmarks-dti/isaplanner/goal74, 2:00.00, 120.47, 0.67, Unknown
ind/benchmarks-dti/isaplanner/goal3, 0:04.21, 4.19, 0.04, Proved
ind/benchmarks-dti/isaplanner/goal51, 2:00.00, 121.09, 2.05, Unknown
ind/benchmarks-dti/isaplanner/goal17, 0:09.55, 9.62, 0.15, Proved
ind/benchmarks-dti/isaplanner/goal77, 0:05.90, 5.89, 0.09, Proved
ind/benchmarks-dti/isaplanner/goal15, 0:31.80, 31.88, 0.23, Proved
ind/benchmarks-dti/isaplanner/goal46, 0:00.19, 0.19, 0.00, Proved
ind/benchmarks-dti/isaplanner/goal83, 2:00.01, 120.32, 1.17, Unknown
ind/benchmarks-dti/isaplanner/goal69, 0:06.53, 6.52, 0.04, Proved
ind/benchmarks-dti/isaplanner/goal2, 0:09.49, 9.46, 0.05, Proved
ind/benchmarks-dti/isaplanner/goal84, 0:07.80, 7.69, 0.10, Unknown
ind/benchmarks-dti/isaplanner/goal49, 2:00.00, 121.31, 1.91, Unknown
ind/benchmarks-dti/isaplanner/goal76, 2:00.00, 120.80, 1.35, Unknown
ind/benchmarks-dti/isaplanner/goal1, 2:00.00, 120.40, 0.87, Unknown
ind/benchmarks-dti/isaplanner/goal68, 2:00.00, 120.78, 2.16, Unknown
ind/benchmarks-dti/isaplanner/goal6, 0:00.50, 0.45, 0.01, Proved
ind/benchmarks-dti/isaplanner/goal62, 2:00.00, 121.12, 1.81, Unknown
ind/benchmarks-dti/isaplanner/goal80, 1:12.96, 73.29, 0.64, Unknown
ind/benchmarks-dti/isaplanner/goal21, 0:00.12, 0.11, 0.00, Proved
ind/benchmarks-dti/isaplanner/goal63, 0:00.02, 0.02, 0.00, Unknown
ind/benchmarks-dti/isaplanner/goal31, 0:00.13, 0.12, 0.01, Proved
ind/benchmarks-dti/isaplanner/goal43, 0:02.32, 2.34, 0.03, Proved
ind/benchmarks-dti/isaplanner/goal71, 0:01.34, 1.33, 0.04, Proved
ind/benchmarks-dti/isaplanner/goal85, 0:06.27, 6.20, 0.08, Unknown
ind/benchmarks-dti/isaplanner/goal38, 0:01.55, 1.54, 0.01, Proved
ind/benchmarks-dti/isaplanner/goal54, 0:00.11, 0.11, 0.00, Proved
ind/benchmarks-dti/isaplanner/goal39, 0:00.11, 0.12, 0.00, Proved
ind/benchmarks-dti/isaplanner/goal28, 0:01.20, 1.19, 0.01, Proved
ind/benchmarks-dti/isaplanner/goal32, 0:00.12, 0.12, 0.00, Proved
ind/benchmarks-dti/isaplanner/goal66, 0:00.11, 0.11, 0.00, Proved
ind/benchmarks-dti/isaplanner/goal23, 0:00.12, 0.11, 0.01, Proved
ind/benchmarks-dti/isaplanner/goal8, 0:00.12, 0.11, 0.00, Proved
ind/benchmarks-dti/isaplanner/goal18, 0:00.11, 0.10, 0.00, Proved
ind/benchmarks-dti/isaplanner/goal48, 0:00.98, 1.00, 0.00, Proved
ind/benchmarks-dti/isaplanner/goal65, 2:00.00, 121.13, 1.99, Unknown
ind/benchmarks-dti/isaplanner/goal86, 0:06.31, 6.28, 0.05, Unknown
ind/benchmarks-dti/isaplanner/goal60, 2:00.00, 120.64, 1.11, Unknown
ind/benchmarks-dti/isaplanner/goal26, 0:02.84, 2.85, 0.02, Proved
ind/benchmarks-dti/isaplanner/goal75, 1:32.89, 93.14, 0.55, Unknown
ind/benchmarks-dti/isaplanner/goal73, 0:07.34, 7.36, 0.12, Proved
ind/benchmarks-dti/isaplanner/goal81, 0:00.11, 0.10, 0.01, Proved
ind/benchmarks-dti/isaplanner/goal67, 0:01.37, 1.39, 0.01, Proved
ind/benchmarks-dti/isaplanner/goal64, 2:00.00, 120.76, 1.63, Unknown
ind/benchmarks-dti/isaplanner/goal56, 0:32.43, 32.37, 0.03, Unknown
ind/benchmarks-dti/isaplanner/goal87, 0:09.94, 9.95, 0.16, Unknown
ind/benchmarks-dti/isaplanner/goal22, 0:00.13, 0.13, 0.00, Proved
ind/benchmarks-dti/isaplanner/goal45, 0:00.11, 0.11, 0.00, Proved
ind/benchmarks-dti/isaplanner/goal57, 0:30.64, 30.62, 0.10, Unknown
ind/benchmarks-dti/isaplanner/goal37, 0:01.29, 1.25, 0.03, Proved
ind/benchmarks-dti/isaplanner/goal13, 0:00.11, 0.10, 0.00, Proved
ind/benchmarks-dti/isaplanner/goal19, 2:00.00, 120.01, 0.16, Unknown
ind/benchmarks-dti/isaplanner/goal42, 0:00.11, 0.10, 0.00, Proved
ind/benchmarks-dti/isaplanner/goal36, 0:00.83, 0.85, 0.00, Proved
ind/benchmarks-dti/isaplanner/goal59, 0:04.52, 4.50, 0.02, Unknown
ind/benchmarks-dti/isaplanner/goal24, 0:00.12, 0.12, 0.00, Proved
ind/benchmarks-dti/isaplanner/goal47, 0:02.15, 2.14, 0.04, Proved
ind/benchmarks-dti/isaplanner/goal25, 0:00.03, 0.02, 0.00, Unknown
ind/benchmarks-dti/isaplanner/goal61, 2:00.01, 120.63, 1.22, Unknown
ind/benchmarks-dti/isaplanner/goal9, 0:00.16, 0.10, 0.00, Proved
ind/benchmarks-dti/isaplanner/goal55, 0:00.11, 0.10, 0.00, Proved
ind/benchmarks-dti/isaplanner/goal5, 0:00.11, 0.11, 0.00, Proved
ind/benchmarks-dti/isaplanner/goal53, 2:00.00, 120.28, 0.60, Unknown
ind/benchmarks-dti/isaplanner/goal35, 0:00.82, 0.81, 0.02, Proved
ind/benchmarks-dti/isaplanner/goal72, 2:00.00, 120.94, 1.82, Unknown
ind/benchmarks-dti/isaplanner/goal82, 0:35.47, 35.33, 0.17, Unknown
ind/benchmarks-dti/isaplanner/goal41, 0:04.12, 4.05, 0.08, Unknown
ind/benchmarks-dti/isaplanner/goal70, 0:00.11, 0.10, 0.00, Proved
ind/benchmarks-dti/isaplanner/goal30, 0:01.57, 1.56, 0.02, Proved
ind/benchmarks-dti/isaplanner/goal27, 0:03.60, 3.61, 0.05, Proved
ind/benchmarks-dti/isaplanner/goal7, 0:01.59, 1.58, 0.04, Proved
ind/benchmarks-dti/isaplanner/goal10, 0:00.22, 0.21, 0.00, Proved
ind/benchmarks-dti/isaplanner/goal11, 0:01.38, 1.35, 0.06, Proved
ind/benchmarks-dti/isaplanner/goal33, 0:00.03, 0.02, 0.00, Unknown
ind/benchmarks-dti/isaplanner/goal16, 0:00.02, 0.01, 0.00, Unknown
ind/benchmarks-dti/clam/goal78, 1:00:31, 119.25, 1.54, Unknown
ind/benchmarks-dti/clam/goal14, 1:09.63, 70.14, 0.73, Unknown
ind/benchmarks-dti/clam/goal4, 2:00.00, 120.61, 1.28, Unknown
ind/benchmarks-dti/clam/goal50, 2:00.00, 120.72, 1.69, Unknown
ind/benchmarks-dti/clam/goal40, 0:00.08, 0.00, 0.00, Unknown
ind/benchmarks-dti/clam/goal29, 2:00.00, 120.89, 1.68, Unknown
ind/benchmarks-dti/clam/goal79, 2:00.00, 120.03, 0.29, Unknown
ind/benchmarks-dti/clam/goal58, 0:00.31, 0.26, 0.01, Proved
ind/benchmarks-dti/clam/goal52, 0:00.11, 0.10, 0.00, Proved
ind/benchmarks-dti/clam/goal44, 0:00.08, 0.00, 0.00, Unknown
ind/benchmarks-dti/clam/goal12, 2:00.00, 120.30, 0.65, Unknown
ind/benchmarks-dti/clam/goal20, 0:03.39, 3.39, 0.04, Unknown
ind/benchmarks-dti/clam/goal34, 2:00.00, 120.06, 0.73, Unknown
ind/benchmarks-dti/clam/goal74, 0:00.11, 0.10, 0.00, Proved
ind/benchmarks-dti/clam/goal3, 0:00.11, 0.11, 0.00, Proved
ind/benchmarks-dti/clam/goal51, 0:00.10, 0.10, 0.00, Proved
ind/benchmarks-dti/clam/goal17, 2:00.00, 120.54, 0.83, Unknown
ind/benchmarks-dti/clam/goal77, 0:03.46, 3.45, 0.04, Proved
ind/benchmarks-dti/clam/goal15, 0:00.45, 0.45, 0.00, Proved
ind/benchmarks-dti/clam/goal46, 0:02.85, 2.83, 0.04, Proved
ind/benchmarks-dti/clam/goal83, 0:16.19, 16.21, 0.13, Unknown
ind/benchmarks-dti/clam/goal69, 0:09.44, 9.46, 0.18, Proved
ind/benchmarks-dti/clam/goal2, 2:00.00, 120.56, 0.88, Unknown
ind/benchmarks-dti/clam/goal84, 2:00.00, 120.27, 0.89, Unknown
ind/benchmarks-dti/clam/goal49, 2:00.00, 121.38, 1.83, Unknown
ind/benchmarks-dti/clam/goal76, 0:41.40, 41.18, 0.28, Proved
ind/benchmarks-dti/clam/goal1, 0:00.89, 0.90, 0.00, Proved
ind/benchmarks-dti/clam/goal68, 0:31.45, 31.48, 0.10, Proved
ind/benchmarks-dti/clam/goal6, 2:00.00, 120.89, 1.28, Unknown
ind/benchmarks-dti/clam/goal62, 1:06.50, 66.91, 0.85, Unknown
ind/benchmarks-dti/clam/goal80, 2:00.00, 120.91, 1.39, Unknown
ind/benchmarks-dti/clam/goal21, 0:15.85, 15.88, 0.13, Unknown
ind/benchmarks-dti/clam/goal63, 0:00.10, 0.10, 0.00, Proved
ind/benchmarks-dti/clam/goal31, 2:00.00, 120.78, 1.61, Unknown
ind/benchmarks-dti/clam/goal43, 0:00.08, 0.00, 0.00, Unknown
ind/benchmarks-dti/clam/goal71, 2:00.00, 120.95, 1.92, Unknown
ind/benchmarks-dti/clam/goal85, 0:00.16, 0.11, 0.00, Proved
ind/benchmarks-dti/clam/goal38, 0:02.69, 2.66, 0.07, Proved
ind/benchmarks-dti/clam/goal54, 2:00.00, 120.14, 0.36, Unknown
ind/benchmarks-dti/clam/goal39, 2:00.00, 121.14, 1.98, Unknown
ind/benchmarks-dti/clam/goal28, 2:00.00, 120.16, 0.55, Unknown
ind/benchmarks-dti/clam/goal32, 2:00.00, 120.77, 1.40, Unknown
ind/benchmarks-dti/clam/goal66, 0:00.46, 0.45, 0.00, Proved
ind/benchmarks-dti/clam/goal23, 2:00.00, 120.94, 1.56, Unknown
ind/benchmarks-dti/clam/goal8, 0:04.42, 4.39, 0.03, Unknown
ind/benchmarks-dti/clam/goal18, 2:00.00, 120.12, 0.19, Unknown
ind/benchmarks-dti/clam/goal48, 2:00.00, 120.93, 1.76, Unknown
ind/benchmarks-dti/clam/goal65, 0:00.16, 0.09, 0.01, Proved
ind/benchmarks-dti/clam/goal86, 2:00.01, 120.47, 0.93, Unknown
ind/benchmarks-dti/clam/goal60, 0:00.30, 0.29, 0.01, Proved
ind/benchmarks-dti/clam/goal26, 0:00.65, 0.64, 0.00, Proved
ind/benchmarks-dti/clam/goal75, 0:02.51, 2.49, 0.04, Proved
ind/benchmarks-dti/clam/goal73, 2:00.01, 120.00, 0.61, Unknown
ind/benchmarks-dti/clam/goal81, 2:00.00, 120.50, 0.87, Unknown
ind/benchmarks-dti/clam/sg/goal-sg16, 0:00.70, 0.71, 0.00, Proved
ind/benchmarks-dti/clam/sg/goal-sg9, 0:01.78, 1.76, 0.03, Proved
ind/benchmarks-dti/clam/sg/goal-sg23, 2:00.00, 120.46, 0.93, Unknown
ind/benchmarks-dti/clam/sg/goal-sg50, 0:05.13, 5.15, 0.02, Proved
ind/benchmarks-dti/clam/sg/goal-sg28, 0:02.23, 2.25, 0.03, Proved
ind/benchmarks-dti/clam/sg/goal-sg3, 0:00.12, 0.10, 0.01, Proved
ind/benchmarks-dti/clam/sg/goal-sg5, 0:00.91, 0.91, 0.02, Proved
ind/benchmarks-dti/clam/sg/goal-sg1, 0:00.89, 0.91, 0.00, Proved
ind/benchmarks-dti/clam/sg/goal-sg6, 2:00.00, 120.56, 1.24, Unknown
ind/benchmarks-dti/clam/sg/goal-sg20, 0:00.42, 0.41, 0.01, Proved
ind/benchmarks-dti/clam/sg/goal-sg4, 0:00.91, 0.89, 0.04, Proved
ind/benchmarks-dti/clam/sg/goal-sg30, 0:06.49, 6.57, 0.10, Proved
ind/benchmarks-dti/clam/sg/goal-sg8, 0:00.15, 0.14, 0.01, Proved
ind/benchmarks-dti/clam/sg/goal-sg33, 0:00.58, 0.57, 0.02, Proved
ind/benchmarks-dti/clam/sg/goal-sg84, 2:00.01, 117.92, 2.25, Unknown
ind/benchmarks-dti/clam/sg/goal-sg85, 0:00.12, 0.11, 0.00, Proved
ind/benchmarks-dti/clam/sg/goal-sg80, 0:01.95, 1.94, 0.03, Proved
ind/benchmarks-dti/clam/sg/goal-sg13, 0:02.21, 2.22, 0.04, Proved
ind/benchmarks-dti/clam/sg/goal-sg31, 0:07.26, 7.31, 0.06, Proved
ind/benchmarks-dti/clam/sg/goal-sg21, 0:01.69, 1.69, 0.01, Proved
ind/benchmarks-dti/clam/sg/goal-sg86, 2:00.04, 117.96, 2.10, Unknown
ind/benchmarks-dti/clam/sg/goal-sg7, 0:00.34, 0.28, 0.01, Proved
ind/benchmarks-dti/clam/sg/goal-sg11, 1:53.36, 113.48, 0.47, Proved
ind/benchmarks-dti/clam/sg/goal-sg82, 2:00.00, 120.71, 1.36, Unknown
ind/benchmarks-dti/clam/sg/goal-sg35, 0:01.48, 1.45, 0.03, Proved
ind/benchmarks-dti/clam/sg/goal-sg26, 0:00.60, 0.60, 0.00, Proved
ind/benchmarks-dti/clam/sg/goal-sg18, 0:10.01, 9.94, 0.10, Proved
ind/benchmarks-dti/clam/sg/goal-sg32, 0:00.94, 0.93, 0.02, Proved
ind/benchmarks-dti/clam/sg/goal-sg24, 0:00.49, 0.49, 0.00, Proved
ind/benchmarks-dti/clam/sg/goal-sg15, 0:00.47, 0.48, 0.00, Proved
ind/benchmarks-dti/clam/sg/goal-sg79, 0:02.12, 2.13, 0.02, Proved
ind/benchmarks-dti/clam/sg/goal-sg2, 0:01.82, 1.80, 0.03, Proved
ind/benchmarks-dti/clam/sg/goal-sg78, 0:02.00, 1.98, 0.03, Proved
ind/benchmarks-dti/clam/sg/goal-sg12, 0:00.27, 0.28, 0.00, Proved
ind/benchmarks-dti/clam/sg/goal-sg14, 0:00.88, 0.88, 0.02, Proved
ind/benchmarks-dti/clam/sg/goal-sg77, 0:02.32, 2.32, 0.02, Proved
ind/benchmarks-dti/clam/sg/goal-sg29, 0:06.57, 6.64, 0.11, Proved
ind/benchmarks-dti/clam/sg/goal-sg10, 0:01.48, 1.49, 0.02, Proved
ind/benchmarks-dti/clam/sg/goal-sg48, 0:00.97, 0.98, 0.00, Proved
ind/benchmarks-dti/clam/sg/goal-sg49, 0:02.72, 2.72, 0.02, Proved
ind/benchmarks-dti/clam/sg/goal-sg27, 0:00.97, 0.97, 0.02, Proved
ind/benchmarks-dti/clam/sg/goal-sg76, 0:00.33, 0.33, 0.00, Proved
ind/benchmarks-dti/clam/sg/goal-sg75, 0:00.28, 0.27, 0.00, Proved
ind/benchmarks-dti/clam/sg/goal-sg34, 0:00.11, 0.11, 0.00, Proved
ind/benchmarks-dti/clam/sg/goal-sg81, 2:00.00, 120.54, 1.27, Unknown
ind/benchmarks-dti/clam/sg/goal-sg25, 0:00.25, 0.24, 0.00, Proved
ind/benchmarks-dti/clam/sg/goal-sg19, 0:02.33, 2.32, 0.04, Proved
ind/benchmarks-dti/clam/sg/goal-sg83, 0:01.73, 1.72, 0.02, Proved
ind/benchmarks-dti/clam/sg/goal-sg22, 2:00.00, 120.41, 0.68, Unknown
ind/benchmarks-dti/clam/sg/goal-sg17, 0:00.27, 0.26, 0.01, Proved
ind/benchmarks-dti/clam/goal67, 0:00.10, 0.10, 0.00, Proved
ind/benchmarks-dti/clam/goal64, 0:00.24, 0.23, 0.00, Proved
ind/benchmarks-dti/clam/goal56, 2:00.00, 120.13, 0.32, Unknown
ind/benchmarks-dti/clam/goal22, 0:11.16, 11.20, 0.08, Unknown
ind/benchmarks-dti/clam/goal45, 0:01.58, 1.56, 0.02, Proved
ind/benchmarks-dti/clam/goal57, 2:00.00, 120.32, 0.43, Unknown
ind/benchmarks-dti/clam/goal37, 0:03.57, 3.59, 0.05, Proved
ind/benchmarks-dti/clam/goal13, 0:02.25, 2.26, 0.04, Proved
ind/benchmarks-dti/clam/goal19, 2:00.00, 120.52, 1.12, Unknown
ind/benchmarks-dti/clam/goal42, 0:00.10, 0.00, 0.00, Unknown
ind/benchmarks-dti/clam/goal36, 0:02.79, 2.81, 0.02, Proved
ind/benchmarks-dti/clam/goal59, 0:01.79, 1.77, 0.03, Proved
ind/benchmarks-dti/clam/goal24, 0:00.46, 0.46, 0.00, Proved
ind/benchmarks-dti/clam/goal47, 0:07.25, 7.29, 0.10, Proved
ind/benchmarks-dti/clam/goal25, 0:00.24, 0.24, 0.00, Proved
ind/benchmarks-dti/clam/goal61, 0:00.10, 0.10, 0.00, Proved
ind/benchmarks-dti/clam/goal9, 2:00.00, 119.97, 0.48, Unknown
ind/benchmarks-dti/clam/goal55, 2:00.00, 120.13, 0.33, Unknown
ind/benchmarks-dti/clam/goal5, 2:00.00, 120.82, 1.24, Unknown
ind/benchmarks-dti/clam/goal53, 0:00.11, 0.10, 0.00, Proved
ind/benchmarks-dti/clam/goal35, 0:04.16, 4.16, 0.02, Proved
ind/benchmarks-dti/clam/goal72, 0:00.10, 0.10, 0.00, Proved
ind/benchmarks-dti/clam/goal82, 2:00.00, 120.33, 0.99, Unknown
ind/benchmarks-dti/clam/goal41, 0:00.08, 0.00, 0.00, Unknown
ind/benchmarks-dti/clam/goal70, 0:17.21, 17.20, 0.07, Proved
ind/benchmarks-dti/clam/goal30, 2:00.00, 120.73, 0.82, Unknown
ind/benchmarks-dti/clam/goal27, 2:00.00, 120.73, 1.41, Unknown
ind/benchmarks-dti/clam/goal7, 0:00.30, 0.30, 0.00, Proved
ind/benchmarks-dti/clam/goal10, 2:00.00, 120.57, 1.44, Unknown
ind/benchmarks-dti/clam/goal11, 2:00.00, 121.10, 1.45, Unknown
ind/benchmarks-dti/clam/goal33, 2:00.00, 120.29, 0.98, Unknown
ind/benchmarks-dti/clam/goal16, 0:00.75, 0.71, 0.00, Proved
ind/benchmarks-dt/leon/amortize-queue-goal1, 0:00.08, 0.00, 0.00, Unknown
ind/benchmarks-dt/leon/bsearch-tree-goal10, 0:00.09, 0.01, 0.00, Unknown
ind/benchmarks-dt/leon/amortize-queue-goal2, 0:00.09, 0.00, 0.00, Unknown
ind/benchmarks-dt/leon/amortize-queue-goal12, 0:00.09, 0.00, 0.00, Unknown
ind/benchmarks-dt/leon/amortize-queue-goal4, 0:00.09, 0.00, 0.00, Unknown
ind/benchmarks-dt/leon/bsearch-tree-goal6, 0:00.09, 0.00, 0.00, Unknown
ind/benchmarks-dt/leon/heap-goal7, 0:00.09, 0.00, 0.00, Unknown
ind/benchmarks-dt/leon/amortize-queue-goal8, 0:00.09, 0.00, 0.00, Unknown
ind/benchmarks-dt/leon/bsearch-tree-goal11, 0:00.09, 0.01, 0.00, Unknown
ind/benchmarks-dt/leon/bsearch-tree-goal4, 0:00.09, 0.01, 0.00, Unknown
ind/benchmarks-dt/leon/bsearch-tree-goal8, 0:00.09, 0.01, 0.00, Unknown
ind/benchmarks-dt/leon/amortize-queue-goal9, 0:00.09, 0.00, 0.00, Unknown
ind/benchmarks-dt/leon/heap-goal5, 0:00.09, 0.00, 0.00, Unknown
ind/benchmarks-dt/leon/amortize-queue-goal10, 0:00.09, 0.01, 0.00, Unknown
ind/benchmarks-dt/leon/bsearch-tree-goal1, 0:00.09, 0.01, 0.00, Unknown
ind/benchmarks-dt/leon/bsearch-tree-goal2, 0:00.09, 0.00, 0.00, Unknown
ind/benchmarks-dt/leon/bsearch-tree-goal18, 0:00.09, 0.01, 0.00, Unknown
ind/benchmarks-dt/leon/amortize-queue-goal14, 0:00.09, 0.00, 0.00, Unknown
ind/benchmarks-dt/leon/heap-goal8, 0:00.09, 0.00, 0.00, Unknown
ind/benchmarks-dt/leon/bsearch-tree-goal9, 0:00.09, 0.00, 0.00, Unknown
ind/benchmarks-dt/leon/bsearch-tree-goal16, 0:00.09, 0.00, 0.00, Unknown
ind/benchmarks-dt/leon/bsearch-tree-goal15, 0:00.09, 0.01, 0.00, Unknown
ind/benchmarks-dt/leon/heap-goal11, 0:00.09, 0.00, 0.00, Unknown
ind/benchmarks-dt/leon/amortize-queue-goal3, 0:00.09, 0.00, 0.00, Unknown
ind/benchmarks-dt/leon/bsearch-tree-goal7, 0:00.09, 0.01, 0.00, Unknown
ind/benchmarks-dt/leon/bsearch-tree-goal13, 0:00.09, 0.00, 0.00, Unknown
ind/benchmarks-dt/leon/amortize-queue-goal7, 0:00.09, 0.00, 0.00, Unknown
ind/benchmarks-dt/leon/bsearch-tree-goal5, 0:00.09, 0.00, 0.00, Unknown
ind/benchmarks-dt/leon/heap-goal3, 0:00.09, 0.00, 0.00, Unknown
ind/benchmarks-dt/leon/bsearch-tree-goal3, 0:00.09, 0.01, 0.00, Unknown
ind/benchmarks-dt/leon/bsearch-tree-goal14, 0:00.09, 0.00, 0.00, Unknown
ind/benchmarks-dt/leon/heap-goal6, 0:00.09, 0.00, 0.00, Unknown
ind/benchmarks-dt/leon/amortize-queue-goal5, 0:00.09, 0.00, 0.00, Unknown
ind/benchmarks-dt/leon/heap-goal9, 0:00.09, 0.00, 0.00, Unknown
ind/benchmarks-dt/leon/bsearch-tree-goal12, 0:00.09, 0.00, 0.00, Unknown
ind/benchmarks-dt/leon/amortize-queue-goal13, 0:00.09, 0.00, 0.00, Unknown
ind/benchmarks-dt/leon/heap-goal12, 0:00.09, 0.01, 0.00, Unknown
ind/benchmarks-dt/leon/heap-goal1, 0:00.09, 0.00, 0.00, Unknown
ind/benchmarks-dt/leon/heap-goal13, 0:00.09, 0.00, 0.00, Unknown
ind/benchmarks-dt/leon/heap-goal10, 0:00.09, 0.00, 0.00, Unknown
ind/benchmarks-dt/leon/heap-goal4, 0:00.09, 0.00, 0.00, Unknown
ind/benchmarks-dt/leon/amortize-queue-goal11, 0:00.09, 0.00, 0.00, Unknown
ind/benchmarks-dt/leon/bsearch-tree-goal17, 0:00.09, 0.00, 0.00, Unknown
ind/benchmarks-dt/leon/heap-goal2, 0:00.09, 0.00, 0.00, Unknown
ind/benchmarks-dt/leon/amortize-queue-goal6, 0:00.09, 0.00, 0.00, Unknown
ind/benchmarks-dt/leon/amortize-queue-goal15, 0:00.09, 0.00, 0.00, Unknown
ind/benchmarks-dt/hipspec/rotate-goal9, 2:00.00, 120.77, 1.38, Unknown
ind/benchmarks-dt/hipspec/rev-equiv-goal7, 2:00.00, 120.14, 0.44, Unknown
ind/benchmarks-dt/hipspec/nichomachus-goal4, 2:00.00, 121.01, 2.01, Unknown
ind/benchmarks-dt/hipspec/rotate-goal4, 0:19.38, 19.36, 0.02, Unknown
ind/benchmarks-dt/hipspec/rev-equiv-goal4, 0:00.07, 0.07, 0.00, Proved
ind/benchmarks-dt/hipspec/rotate-goal1, 0:00.42, 0.43, 0.00, Proved
ind/benchmarks-dt/hipspec/nichomachus-goal3, 2:00.01, 120.47, 1.37, Unknown
ind/benchmarks-dt/hipspec/rotate-goal2, 0:00.06, 0.05, 0.00, Proved
ind/benchmarks-dt/hipspec/rev-equiv-goal5, 0:00.07, 0.07, 0.00, Proved
ind/benchmarks-dt/hipspec/rev-equiv-goal1, 0:00.85, 0.85, 0.02, Proved
ind/benchmarks-dt/hipspec/rotate-goal8, 0:14.28, 14.30, 0.09, Unknown
ind/benchmarks-dt/hipspec/nichomachus-goal8, 0:14.17, 14.29, 0.15, Unknown
ind/benchmarks-dt/hipspec/nichomachus-goal1, 0:07.38, 7.28, 0.12, Proved
ind/benchmarks-dt/hipspec/rev-equiv-goal6, 0:00.07, 0.07, 0.00, Proved
ind/benchmarks-dt/hipspec/nichomachus-goal7, 2:00.00, 120.60, 1.09, Unknown
ind/benchmarks-dt/hipspec/nichomachus-goal9, 2:00.00, 120.40, 1.14, Unknown
ind/benchmarks-dt/hipspec/nichomachus-goal6, 2:00.00, 120.24, 0.82, Unknown
ind/benchmarks-dt/hipspec/nichomachus-goal5, 2:00.01, 119.80, 0.22, Unknown
ind/benchmarks-dt/hipspec/nichomachus-goal2, 0:08.68, 8.61, 0.04, Proved
ind/benchmarks-dt/hipspec/rotate-goal7, 2:00.00, 119.96, 0.19, Unknown
ind/benchmarks-dt/hipspec/sg/rotate-goal9, 0:00.44, 0.45, 0.00, Proved
ind/benchmarks-dt/hipspec/sg/rev-equiv-goal7, 0:00.08, 0.08, 0.00, Proved
ind/benchmarks-dt/hipspec/sg/nichomachus-goal4, 2:00.02, 120.07, 1.21, Unknown
ind/benchmarks-dt/hipspec/sg/rotate-goal4, 2:00.00, 120.20, 0.58, Unknown
ind/benchmarks-dt/hipspec/sg/nichomachus-goal3, 2:00.02, 120.36, 1.97, Unknown
ind/benchmarks-dt/hipspec/sg/rotate-goal8, 0:00.06, 0.06, 0.00, Proved
ind/benchmarks-dt/hipspec/sg/nichomachus-goal8, 2:00.01, 120.40, 1.23, Unknown
ind/benchmarks-dt/hipspec/sg/rev-equiv-goal6, 0:00.08, 0.08, 0.00, Proved
ind/benchmarks-dt/hipspec/sg/nichomachus-goal7, 2:00.01, 119.98, 0.93, Unknown
ind/benchmarks-dt/hipspec/sg/nichomachus-goal9, 2:00.03, 119.85, 1.09, Unknown
ind/benchmarks-dt/hipspec/sg/nichomachus-goal6, 2:00.02, 120.01, 0.69, Unknown
ind/benchmarks-dt/hipspec/sg/nichomachus-goal5, 2:00.04, 117.10, 2.93, Unknown
ind/benchmarks-dt/hipspec/sg/nichomachus-goal2, 0:00.24, 0.24, 0.00, Proved
ind/benchmarks-dt/hipspec/sg/rotate-goal7, 2:00.00, 120.51, 0.84, Unknown
ind/benchmarks-dt/hipspec/sg/rev-equiv-goal3, 0:00.08, 0.08, 0.00, Proved
ind/benchmarks-dt/hipspec/sg/rev-equiv-goal8, 0:00.43, 0.44, 0.00, Proved
ind/benchmarks-dt/hipspec/rev-equiv-goal2, 0:00.07, 0.07, 0.00, Proved
ind/benchmarks-dt/hipspec/rotate-goal6, 2:00.00, 120.06, 0.44, Unknown
ind/benchmarks-dt/hipspec/rotate-goal3, 0:04.24, 4.23, 0.00, Unknown
ind/benchmarks-dt/hipspec/rotate-goal5, 0:00.06, 0.05, 0.00, Proved
ind/benchmarks-dt/hipspec/rev-equiv-goal3, 2:00.00, 120.31, 0.79, Unknown
ind/benchmarks-dt/hipspec/rev-equiv-goal8, 2:00.00, 121.00, 2.00, Unknown
ind/benchmarks-dt/isaplanner/goal78, 2:00.00, 120.04, 0.17, Unknown
ind/benchmarks-dt/isaplanner/goal14, 0:00.07, 0.06, 0.00, Proved
ind/benchmarks-dt/isaplanner/goal4, 0:00.05, 0.05, 0.00, Proved
ind/benchmarks-dt/isaplanner/goal50, 2:00.01, 120.76, 1.73, Unknown
ind/benchmarks-dt/isaplanner/goal40, 0:00.05, 0.05, 0.00, Proved
ind/benchmarks-dt/isaplanner/goal29, 0:01.08, 1.07, 0.00, Proved
ind/benchmarks-dt/isaplanner/goal79, 0:26.92, 27.05, 0.40, Unknown
ind/benchmarks-dt/isaplanner/goal58, 0:04.21, 4.18, 0.02, Unknown
ind/benchmarks-dt/isaplanner/goal52, 2:00.00, 121.11, 1.72, Unknown
ind/benchmarks-dt/isaplanner/goal44, 0:00.12, 0.00, 0.00, Unknown
ind/benchmarks-dt/isaplanner/goal12, 0:03.47, 3.45, 0.02, Unknown
ind/benchmarks-dt/isaplanner/goal20, 0:09.99, 9.96, 0.14, Proved
ind/benchmarks-dt/isaplanner/goal34, 0:22.34, 22.31, 0.16, Unknown
ind/benchmarks-dt/isaplanner/goal74, 0:35.24, 35.06, 0.24, Unknown
ind/benchmarks-dt/isaplanner/goal3, 0:02.54, 2.52, 0.02, Proved
ind/benchmarks-dt/isaplanner/goal51, 2:00.00, 121.00, 2.07, Unknown
ind/benchmarks-dt/isaplanner/goal17, 0:00.14, 0.09, 0.00, Proved
ind/benchmarks-dt/isaplanner/goal77, 0:04.29, 4.27, 0.04, Proved
ind/benchmarks-dt/isaplanner/goal15, 0:01.15, 1.13, 0.01, Proved
ind/benchmarks-dt/isaplanner/goal46, 0:00.05, 0.05, 0.00, Proved
ind/benchmarks-dt/isaplanner/goal83, 2:00.00, 120.19, 0.49, Unknown
ind/benchmarks-dt/isaplanner/goal69, 2:00.00, 120.31, 0.56, Unknown
ind/benchmarks-dt/isaplanner/goal2, 0:01.08, 1.07, 0.01, Proved
ind/benchmarks-dt/isaplanner/goal84, 0:06.27, 6.23, 0.03, Unknown
ind/benchmarks-dt/isaplanner/goal49, 2:00.00, 120.93, 2.22, Unknown
ind/benchmarks-dt/isaplanner/goal76, 2:00.00, 120.42, 0.73, Unknown
ind/benchmarks-dt/isaplanner/goal1, 2:00.00, 120.51, 0.93, Unknown
ind/benchmarks-dt/isaplanner/goal68, 2:00.00, 121.05, 1.70, Unknown
ind/benchmarks-dt/isaplanner/goal6, 0:00.10, 0.05, 0.00, Proved
ind/benchmarks-dt/isaplanner/goal62, 2:00.01, 121.13, 1.79, Unknown
ind/benchmarks-dt/isaplanner/goal80, 2:00.00, 120.13, 0.58, Unknown
ind/benchmarks-dt/isaplanner/goal21, 0:01.48, 1.41, 0.02, Proved
ind/benchmarks-dt/isaplanner/goal63, 0:00.02, 0.02, 0.00, Unknown
ind/benchmarks-dt/isaplanner/goal31, 2:00.00, 121.15, 1.66, Unknown
ind/benchmarks-dt/isaplanner/goal43, 0:01.54, 1.57, 0.00, Proved
ind/benchmarks-dt/isaplanner/goal71, 1:30.68, 91.15, 0.43, Unknown
ind/benchmarks-dt/isaplanner/goal85, 0:06.79, 6.68, 0.07, Unknown
ind/benchmarks-dt/isaplanner/goal38, 0:01.07, 1.06, 0.01, Proved
ind/benchmarks-dt/isaplanner/goal54, 2:00.00, 120.32, 0.55, Unknown
ind/benchmarks-dt/isaplanner/goal39, 0:00.05, 0.05, 0.00, Proved
ind/benchmarks-dt/isaplanner/goal28, 0:01.08, 1.07, 0.01, Proved
ind/benchmarks-dt/isaplanner/goal32, 2:00.00, 120.78, 1.78, Unknown
ind/benchmarks-dt/isaplanner/goal66, 0:51.76, 51.77, 0.07, Unknown
ind/benchmarks-dt/isaplanner/goal23, 2:00.00, 120.89, 1.85, Unknown
ind/benchmarks-dt/isaplanner/goal8, 0:00.06, 0.05, 0.00, Proved
ind/benchmarks-dt/isaplanner/goal18, 0:00.05, 0.05, 0.00, Proved
ind/benchmarks-dt/isaplanner/goal48, 0:00.61, 0.61, 0.02, Proved
ind/benchmarks-dt/isaplanner/goal65, 2:00.00, 121.04, 1.47, Unknown
ind/benchmarks-dt/isaplanner/goal86, 0:05.37, 5.31, 0.02, Unknown
ind/benchmarks-dt/isaplanner/goal60, 2:00.00, 120.38, 1.01, Unknown
ind/benchmarks-dt/isaplanner/goal26, 0:01.62, 1.60, 0.02, Proved
ind/benchmarks-dt/isaplanner/goal75, 0:23.00, 23.01, 0.02, Unknown
ind/benchmarks-dt/isaplanner/goal73, 0:05.48, 5.44, 0.12, Proved
ind/benchmarks-dt/isaplanner/goal81, 2:00.00, 120.08, 0.19, Unknown
ind/benchmarks-dt/isaplanner/goal67, 2:00.00, 120.16, 0.89, Unknown
ind/benchmarks-dt/isaplanner/goal64, 2:00.00, 120.13, 0.59, Unknown
ind/benchmarks-dt/isaplanner/goal56, 0:29.66, 29.56, 0.08, Unknown
ind/benchmarks-dt/isaplanner/goal87, 0:10.42, 10.41, 0.17, Unknown
ind/benchmarks-dt/isaplanner/goal22, 2:00.00, 120.93, 1.79, Unknown
ind/benchmarks-dt/isaplanner/goal45, 0:00.06, 0.05, 0.00, Proved
ind/benchmarks-dt/isaplanner/goal57, 2:00.01, 119.84, 0.22, Unknown
ind/benchmarks-dt/isaplanner/goal37, 0:01.94, 1.93, 0.01, Proved
ind/benchmarks-dt/isaplanner/goal13, 0:00.06, 0.05, 0.00, Proved
ind/benchmarks-dt/isaplanner/goal19, 0:03.18, 3.16, 0.01, Unknown
ind/benchmarks-dt/isaplanner/goal42, 0:00.05, 0.05, 0.00, Proved
ind/benchmarks-dt/isaplanner/goal36, 0:00.42, 0.43, 0.00, Proved
ind/benchmarks-dt/isaplanner/goal59, 0:04.39, 4.37, 0.02, Unknown
ind/benchmarks-dt/isaplanner/goal24, 0:20.21, 20.27, 0.06, Unknown
ind/benchmarks-dt/isaplanner/goal47, 2:00.00, 121.26, 1.81, Unknown
ind/benchmarks-dt/isaplanner/goal25, 0:00.07, 0.02, 0.00, Unknown
ind/benchmarks-dt/isaplanner/goal61, 2:00.01, 120.77, 1.71, Unknown
ind/benchmarks-dt/isaplanner/goal9, 2:00.00, 119.94, 0.20, Unknown
ind/benchmarks-dt/isaplanner/goal55, 0:04.20, 4.19, 0.00, Unknown
ind/benchmarks-dt/isaplanner/goal5, 0:00.06, 0.05, 0.00, Proved
ind/benchmarks-dt/isaplanner/goal53, 0:13.54, 13.50, 0.08, Proved
ind/benchmarks-dt/isaplanner/goal35, 0:00.41, 0.40, 0.02, Proved
ind/benchmarks-dt/isaplanner/goal72, 2:00.00, 121.01, 2.05, Unknown
ind/benchmarks-dt/isaplanner/goal82, 0:31.61, 31.48, 0.11, Unknown
ind/benchmarks-dt/isaplanner/goal41, 0:05.02, 4.98, 0.04, Unknown
ind/benchmarks-dt/isaplanner/goal70, 2:00.01, 120.23, 0.43, Unknown
ind/benchmarks-dt/isaplanner/goal30, 0:01.14, 1.11, 0.02, Proved
ind/benchmarks-dt/isaplanner/goal27, 0:02.12, 2.13, 0.02, Proved
ind/benchmarks-dt/isaplanner/goal7, 0:00.05, 0.05, 0.00, Proved
ind/benchmarks-dt/isaplanner/goal10, 0:00.05, 0.05, 0.00, Proved
ind/benchmarks-dt/isaplanner/goal11, 0:00.79, 0.80, 0.01, Proved
ind/benchmarks-dt/isaplanner/goal33, 0:00.02, 0.02, 0.00, Unknown
ind/benchmarks-dt/isaplanner/goal16, 0:00.02, 0.01, 0.00, Unknown
ind/benchmarks-dt/clam/goal78, 2:00.00, 120.23, 0.37, Unknown
ind/benchmarks-dt/clam/goal14, 2:00.00, 121.03, 1.75, Unknown
ind/benchmarks-dt/clam/goal4, 0:39.13, 39.36, 0.62, Unknown
ind/benchmarks-dt/clam/goal50, 0:12.54, 12.58, 0.08, Proved
ind/benchmarks-dt/clam/goal40, 2:00.00, 120.26, 0.42, Unknown
ind/benchmarks-dt/clam/goal29, 2:00.00, 120.94, 1.53, Unknown
ind/benchmarks-dt/clam/goal79, 2:00.00, 120.00, 0.16, Unknown
ind/benchmarks-dt/clam/goal58, 0:00.07, 0.06, 0.00, Proved
ind/benchmarks-dt/clam/goal52, 0:00.06, 0.06, 0.00, Proved
ind/benchmarks-dt/clam/goal44, 0:52.33, 52.46, 0.65, Proved
ind/benchmarks-dt/clam/goal12, 2:00.00, 120.52, 1.05, Unknown
ind/benchmarks-dt/clam/goal20, 0:02.72, 2.72, 0.02, Unknown
ind/benchmarks-dt/clam/goal34, 2:00.00, 119.94, 0.20, Unknown
ind/benchmarks-dt/clam/goal74, 0:00.06, 0.04, 0.00, Proved
ind/benchmarks-dt/clam/goal3, 0:00.05, 0.05, 0.00, Proved
ind/benchmarks-dt/clam/goal51, 0:00.05, 0.04, 0.00, Proved
ind/benchmarks-dt/clam/goal17, 2:00.00, 120.20, 0.53, Unknown
ind/benchmarks-dt/clam/goal77, 0:07.06, 7.06, 0.03, Proved
ind/benchmarks-dt/clam/goal15, 2:00.00, 120.89, 1.75, Unknown
ind/benchmarks-dt/clam/goal46, 0:02.20, 2.18, 0.01, Proved
ind/benchmarks-dt/clam/goal83, 0:14.86, 14.86, 0.10, Unknown
ind/benchmarks-dt/clam/goal69, 0:06.41, 6.41, 0.11, Proved
ind/benchmarks-dt/clam/goal2, 2:00.00, 120.04, 0.34, Unknown
ind/benchmarks-dt/clam/goal84, 2:00.00, 120.08, 0.32, Unknown
ind/benchmarks-dt/clam/goal49, 2:00.00, 120.97, 1.79, Unknown
ind/benchmarks-dt/clam/goal76, 0:41.62, 41.41, 0.23, Proved
ind/benchmarks-dt/clam/goal1, 2:00.00, 121.21, 1.85, Unknown
ind/benchmarks-dt/clam/goal68, 0:01.39, 1.38, 0.01, Proved
ind/benchmarks-dt/clam/goal6, 2:00.00, 120.39, 0.85, Unknown
ind/benchmarks-dt/clam/goal62, 0:29.70, 29.76, 0.32, Unknown
ind/benchmarks-dt/clam/goal80, 2:00.00, 120.15, 0.46, Unknown
ind/benchmarks-dt/clam/goal21, 0:14.78, 14.79, 0.10, Unknown
ind/benchmarks-dt/clam/goal63, 0:00.05, 0.04, 0.00, Proved
ind/benchmarks-dt/clam/goal31, 2:00.00, 120.65, 1.12, Unknown
ind/benchmarks-dt/clam/goal43, 0:44.29, 44.63, 0.64, Proved
ind/benchmarks-dt/clam/goal71, 0:05.46, 5.42, 0.08, Proved
ind/benchmarks-dt/clam/goal85, 2:00.00, 119.84, 0.33, Unknown
ind/benchmarks-dt/clam/goal38, 0:01.58, 1.58, 0.01, Proved
ind/benchmarks-dt/clam/goal54, 2:00.00, 120.07, 0.12, Unknown
ind/benchmarks-dt/clam/goal39, 2:00.00, 120.80, 1.76, Unknown
ind/benchmarks-dt/clam/goal28, 2:00.00, 120.45, 0.90, Unknown
ind/benchmarks-dt/clam/goal32, 2:00.00, 120.93, 1.68, Unknown
ind/benchmarks-dt/clam/goal66, 0:00.19, 0.18, 0.00, Proved
ind/benchmarks-dt/clam/goal23, 0:32.09, 32.13, 0.17, Unknown
ind/benchmarks-dt/clam/goal8, 0:04.19, 4.18, 0.01, Unknown
ind/benchmarks-dt/clam/goal18, 2:00.00, 120.00, 0.15, Unknown
ind/benchmarks-dt/clam/goal48, 0:08.26, 8.29, 0.10, Proved
ind/benchmarks-dt/clam/goal65, 0:00.07, 0.06, 0.00, Proved
ind/benchmarks-dt/clam/goal86, 2:00.00, 120.06, 0.20, Unknown
ind/benchmarks-dt/clam/goal60, 0:00.07, 0.05, 0.00, Proved
ind/benchmarks-dt/clam/goal26, 2:00.00, 120.70, 1.58, Unknown
ind/benchmarks-dt/clam/goal75, 0:04.04, 4.04, 0.01, Proved
ind/benchmarks-dt/clam/goal73, 2:00.00, 119.94, 0.14, Unknown
ind/benchmarks-dt/clam/goal81, 2:00.00, 120.07, 0.14, Unknown
ind/benchmarks-dt/clam/sg/goal-sg16, 0:00.34, 0.33, 0.00, Proved
ind/benchmarks-dt/clam/sg/goal-sg9, 0:38.36, 38.37, 0.06, Proved
ind/benchmarks-dt/clam/sg/goal-sg23, 0:33.96, 34.09, 0.36, Unknown
ind/benchmarks-dt/clam/sg/goal-sg50, 0:01.15, 1.12, 0.02, Proved
ind/benchmarks-dt/clam/sg/goal-sg28, 0:01.42, 1.44, 0.02, Proved
ind/benchmarks-dt/clam/sg/goal-sg3, 0:00.06, 0.05, 0.00, Proved
ind/benchmarks-dt/clam/sg/goal-sg5, 0:00.86, 0.85, 0.03, Proved
ind/benchmarks-dt/clam/sg/goal-sg1, 0:00.40, 0.40, 0.00, Proved
ind/benchmarks-dt/clam/sg/goal-sg6, 2:00.00, 120.72, 1.12, Unknown
ind/benchmarks-dt/clam/sg/goal-sg20, 0:00.14, 0.12, 0.01, Proved
ind/benchmarks-dt/clam/sg/goal-sg4, 0:00.43, 0.44, 0.00, Proved
ind/benchmarks-dt/clam/sg/goal-sg30, 0:05.26, 5.31, 0.09, Proved
ind/benchmarks-dt/clam/sg/goal-sg8, 0:00.06, 0.06, 0.00, Proved
ind/benchmarks-dt/clam/sg/goal-sg33, 0:00.18, 0.18, 0.00, Proved
ind/benchmarks-dt/clam/sg/goal-sg84, 2:00.00, 117.68, 2.40, Unknown
ind/benchmarks-dt/clam/sg/goal-sg85, 2:00.00, 119.78, 0.32, Unknown
ind/benchmarks-dt/clam/sg/goal-sg80, 0:02.99, 2.98, 0.02, Proved
ind/benchmarks-dt/clam/sg/goal-sg13, 0:01.42, 1.42, 0.03, Proved
ind/benchmarks-dt/clam/sg/goal-sg31, 0:06.33, 6.41, 0.08, Proved
ind/benchmarks-dt/clam/sg/goal-sg21, 0:02.72, 2.68, 0.04, Proved
ind/benchmarks-dt/clam/sg/goal-sg86, 2:00.07, 117.51, 2.56, Unknown
ind/benchmarks-dt/clam/sg/goal-sg7, 0:00.08, 0.07, 0.00, Proved
ind/benchmarks-dt/clam/sg/goal-sg11, 2:00.00, 120.22, 0.41, Unknown
ind/benchmarks-dt/clam/sg/goal-sg82, 2:00.00, 120.05, 0.33, Unknown
ind/benchmarks-dt/clam/sg/goal-sg35, 0:01.10, 1.08, 0.02, Proved
ind/benchmarks-dt/clam/sg/goal-sg26, 2:00.00, 120.58, 1.29, Unknown
ind/benchmarks-dt/clam/sg/goal-sg18, 0:02.78, 2.76, 0.02, Proved
ind/benchmarks-dt/clam/sg/goal-sg32, 0:00.43, 0.43, 0.01, Proved
ind/benchmarks-dt/clam/sg/goal-sg24, 0:06.45, 6.46, 0.10, Proved
ind/benchmarks-dt/clam/sg/goal-sg15, 0:00.11, 0.10, 0.01, Proved
ind/benchmarks-dt/clam/sg/goal-sg79, 0:03.32, 3.27, 0.06, Proved
ind/benchmarks-dt/clam/sg/goal-sg2, 0:02.34, 2.31, 0.03, Proved
ind/benchmarks-dt/clam/sg/goal-sg78, 0:02.77, 2.75, 0.03, Proved
ind/benchmarks-dt/clam/sg/goal-sg12, 0:00.07, 0.07, 0.00, Proved
ind/benchmarks-dt/clam/sg/goal-sg14, 0:00.46, 0.47, 0.00, Proved
ind/benchmarks-dt/clam/sg/goal-sg77, 0:03.43, 3.42, 0.02, Proved
ind/benchmarks-dt/clam/sg/goal-sg29, 0:05.38, 5.44, 0.08, Proved
ind/benchmarks-dt/clam/sg/goal-sg10, 0:00.83, 0.83, 0.02, Proved
ind/benchmarks-dt/clam/sg/goal-sg48, 0:00.43, 0.43, 0.00, Proved
ind/benchmarks-dt/clam/sg/goal-sg49, 0:01.79, 1.79, 0.02, Proved
ind/benchmarks-dt/clam/sg/goal-sg27, 0:00.42, 0.40, 0.02, Proved
ind/benchmarks-dt/clam/sg/goal-sg76, 0:00.09, 0.09, 0.00, Proved
ind/benchmarks-dt/clam/sg/goal-sg75, 0:00.07, 0.07, 0.00, Proved
ind/benchmarks-dt/clam/sg/goal-sg34, 0:00.05, 0.05, 0.00, Proved
ind/benchmarks-dt/clam/sg/goal-sg81, 0:02.99, 2.95, 0.06, Proved
ind/benchmarks-dt/clam/sg/goal-sg25, 0:00.07, 0.06, 0.00, Proved
ind/benchmarks-dt/clam/sg/goal-sg19, 0:01.68, 1.67, 0.02, Proved
ind/benchmarks-dt/clam/sg/goal-sg83, 0:01.58, 1.52, 0.06, Proved
ind/benchmarks-dt/clam/sg/goal-sg22, 2:00.00, 120.54, 0.87, Unknown
ind/benchmarks-dt/clam/sg/goal-sg17, 0:00.07, 0.06, 0.00, Proved
ind/benchmarks-dt/clam/goal67, 0:00.05, 0.04, 0.00, Proved
ind/benchmarks-dt/clam/goal64, 0:00.06, 0.06, 0.00, Proved
ind/benchmarks-dt/clam/goal56, 2:00.00, 120.06, 0.17, Unknown
ind/benchmarks-dt/clam/goal22, 0:11.24, 11.27, 0.04, Unknown
ind/benchmarks-dt/clam/goal45, 0:01.13, 1.12, 0.01, Proved
ind/benchmarks-dt/clam/goal57, 1:45.69, 105.69, 0.38, Proved
ind/benchmarks-dt/clam/goal37, 0:02.11, 2.09, 0.03, Proved
ind/benchmarks-dt/clam/goal13, 2:00.00, 121.21, 2.08, Unknown
ind/benchmarks-dt/clam/goal19, 2:00.00, 120.04, 0.36, Unknown
ind/benchmarks-dt/clam/goal42, 2:00.00, 121.09, 1.99, Unknown
ind/benchmarks-dt/clam/goal36, 0:01.58, 1.54, 0.00, Proved
ind/benchmarks-dt/clam/goal59, 0:02.53, 2.51, 0.02, Proved
ind/benchmarks-dt/clam/goal24, 0:04.33, 4.30, 0.06, Proved
ind/benchmarks-dt/clam/goal47, 0:05.42, 5.41, 0.03, Proved
ind/benchmarks-dt/clam/goal25, 0:00.06, 0.06, 0.00, Proved
ind/benchmarks-dt/clam/goal61, 0:00.05, 0.04, 0.00, Proved
ind/benchmarks-dt/clam/goal9, 1:05.86, 65.86, 0.05, Unknown
ind/benchmarks-dt/clam/goal55, 0:20.30, 20.39, 0.17, Proved
ind/benchmarks-dt/clam/goal5, 0:08.49, 8.53, 0.11, Unknown
ind/benchmarks-dt/clam/goal53, 0:00.07, 0.06, 0.00, Proved
ind/benchmarks-dt/clam/goal35, 2:00.00, 120.03, 0.17, Unknown
ind/benchmarks-dt/clam/goal72, 0:00.05, 0.04, 0.00, Proved
ind/benchmarks-dt/clam/goal82, 2:00.00, 120.04, 0.30, Unknown
ind/benchmarks-dt/clam/goal41, 2:00.00, 121.11, 1.88, Unknown
ind/benchmarks-dt/clam/goal70, 0:01.47, 1.43, 0.02, Proved
ind/benchmarks-dt/clam/goal30, 2:00.00, 120.25, 0.84, Unknown
ind/benchmarks-dt/clam/goal27, 2:00.00, 121.25, 1.77, Unknown
ind/benchmarks-dt/clam/goal7, 0:04.75, 4.74, 0.01, Proved
ind/benchmarks-dt/clam/goal10, 2:00.00, 120.58, 1.33, Unknown
ind/benchmarks-dt/clam/goal11, 2:00.00, 120.06, 0.32, Unknown
ind/benchmarks-dt/clam/goal33, 2:00.00, 120.98, 1.66, Unknown
ind/benchmarks-dt/clam/goal16, 2:00.00, 120.73, 1.50, Unknown
ind/benchmarks-dtt/leon/amortize-queue-goal1, 0:00.09, 0.00, 0.00, Unknown
ind/benchmarks-dtt/leon/bsearch-tree-goal10, 0:00.09, 0.01, 0.00, Unknown
ind/benchmarks-dtt/leon/amortize-queue-goal2, 0:00.09, 0.00, 0.00, Unknown
ind/benchmarks-dtt/leon/amortize-queue-goal12, 0:00.09, 0.00, 0.00, Unknown
ind/benchmarks-dtt/leon/amortize-queue-goal4, 0:00.09, 0.00, 0.00, Unknown
ind/benchmarks-dtt/leon/bsearch-tree-goal6, 0:00.09, 0.01, 0.00, Unknown
ind/benchmarks-dtt/leon/heap-goal7, 0:00.09, 0.01, 0.00, Unknown
ind/benchmarks-dtt/leon/amortize-queue-goal8, 0:00.09, 0.00, 0.00, Unknown
ind/benchmarks-dtt/leon/bsearch-tree-goal11, 0:00.09, 0.00, 0.00, Unknown
ind/benchmarks-dtt/leon/bsearch-tree-goal4, 0:00.09, 0.01, 0.00, Unknown
ind/benchmarks-dtt/leon/bsearch-tree-goal8, 0:00.09, 0.01, 0.00, Unknown
ind/benchmarks-dtt/leon/amortize-queue-goal9, 0:00.09, 0.00, 0.00, Unknown
ind/benchmarks-dtt/leon/heap-goal5, 0:00.09, 0.01, 0.00, Unknown
ind/benchmarks-dtt/leon/amortize-queue-goal10, 0:00.09, 0.00, 0.00, Unknown
ind/benchmarks-dtt/leon/bsearch-tree-goal1, 0:00.09, 0.01, 0.00, Unknown
ind/benchmarks-dtt/leon/bsearch-tree-goal2, 0:00.09, 0.00, 0.00, Unknown
ind/benchmarks-dtt/leon/bsearch-tree-goal18, 0:00.09, 0.00, 0.00, Unknown
ind/benchmarks-dtt/leon/amortize-queue-goal14, 0:00.09, 0.00, 0.00, Unknown
ind/benchmarks-dtt/leon/heap-goal8, 0:00.09, 0.01, 0.00, Unknown
ind/benchmarks-dtt/leon/bsearch-tree-goal9, 0:00.09, 0.01, 0.00, Unknown
ind/benchmarks-dtt/leon/bsearch-tree-goal16, 0:00.10, 0.01, 0.00, Unknown
ind/benchmarks-dtt/leon/bsearch-tree-goal15, 0:00.09, 0.00, 0.00, Unknown
ind/benchmarks-dtt/leon/heap-goal11, 0:00.09, 0.01, 0.00, Unknown
ind/benchmarks-dtt/leon/amortize-queue-goal3, 0:00.09, 0.00, 0.00, Unknown
ind/benchmarks-dtt/leon/bsearch-tree-goal7, 0:00.09, 0.01, 0.00, Unknown
ind/benchmarks-dtt/leon/bsearch-tree-goal13, 0:00.10, 0.01, 0.00, Unknown
ind/benchmarks-dtt/leon/amortize-queue-goal7, 0:00.09, 0.00, 0.00, Unknown
ind/benchmarks-dtt/leon/bsearch-tree-goal5, 0:00.09, 0.00, 0.00, Unknown
ind/benchmarks-dtt/leon/heap-goal3, 0:00.09, 0.00, 0.00, Unknown
ind/benchmarks-dtt/leon/bsearch-tree-goal3, 0:00.09, 0.01, 0.00, Unknown
ind/benchmarks-dtt/leon/bsearch-tree-goal14, 0:00.09, 0.00, 0.00, Unknown
ind/benchmarks-dtt/leon/heap-goal6, 0:00.09, 0.01, 0.00, Unknown
ind/benchmarks-dtt/leon/amortize-queue-goal5, 0:00.09, 0.00, 0.00, Unknown
ind/benchmarks-dtt/leon/heap-goal9, 0:00.09, 0.01, 0.00, Unknown
ind/benchmarks-dtt/leon/bsearch-tree-goal12, 0:00.09, 0.01, 0.00, Unknown
ind/benchmarks-dtt/leon/amortize-queue-goal13, 0:00.09, 0.00, 0.00, Unknown
ind/benchmarks-dtt/leon/heap-goal12, 0:00.09, 0.01, 0.00, Unknown
ind/benchmarks-dtt/leon/heap-goal1, 0:00.09, 0.00, 0.00, Unknown
ind/benchmarks-dtt/leon/heap-goal13, 0:00.09, 0.00, 0.00, Unknown
ind/benchmarks-dtt/leon/heap-goal10, 0:00.09, 0.01, 0.00, Unknown
ind/benchmarks-dtt/leon/heap-goal4, 0:00.09, 0.00, 0.00, Unknown
ind/benchmarks-dtt/leon/amortize-queue-goal11, 0:00.09, 0.00, 0.00, Unknown
ind/benchmarks-dtt/leon/bsearch-tree-goal17, 0:00.10, 0.01, 0.00, Unknown
ind/benchmarks-dtt/leon/heap-goal2, 0:00.09, 0.00, 0.00, Unknown
ind/benchmarks-dtt/leon/amortize-queue-goal6, 0:00.09, 0.00, 0.00, Unknown
ind/benchmarks-dtt/leon/amortize-queue-goal15, 0:00.09, 0.00, 0.00, Unknown
ind/benchmarks-dtt/hipspec/rotate-goal9, 2:00.00, 120.63, 1.03, Unknown
ind/benchmarks-dtt/hipspec/rev-equiv-goal7, 2:00.00, 120.21, 0.49, Unknown
ind/benchmarks-dtt/hipspec/nichomachus-goal4, 0:01.20, 1.17, 0.02, Unknown
ind/benchmarks-dtt/hipspec/rotate-goal4, 0:05.01, 5.02, 0.06, Unknown
ind/benchmarks-dtt/hipspec/rev-equiv-goal4, 0:00.07, 0.07, 0.00, Proved
ind/benchmarks-dtt/hipspec/rotate-goal1, 0:00.88, 0.88, 0.02, Proved
ind/benchmarks-dtt/hipspec/nichomachus-goal3, 0:01.09, 1.06, 0.03, Unknown
ind/benchmarks-dtt/hipspec/rotate-goal2, 0:00.11, 0.10, 0.00, Proved
ind/benchmarks-dtt/hipspec/rev-equiv-goal5, 0:00.07, 0.06, 0.01, Proved
ind/benchmarks-dtt/hipspec/rev-equiv-goal1, 0:00.85, 0.84, 0.03, Proved
ind/benchmarks-dtt/hipspec/rotate-goal8, 0:12.44, 12.46, 0.07, Unknown
ind/benchmarks-dtt/hipspec/nichomachus-goal8, 0:01.33, 1.30, 0.01, Unknown
ind/benchmarks-dtt/hipspec/nichomachus-goal1, 0:00.06, 0.05, 0.00, Proved
ind/benchmarks-dtt/hipspec/rev-equiv-goal6, 0:00.07, 0.06, 0.00, Proved
ind/benchmarks-dtt/hipspec/nichomachus-goal7, 0:01.08, 1.05, 0.02, Unknown
ind/benchmarks-dtt/hipspec/nichomachus-goal9, 0:01.67, 1.64, 0.03, Unknown
ind/benchmarks-dtt/hipspec/nichomachus-goal6, 0:01.17, 1.13, 0.03, Unknown
ind/benchmarks-dtt/hipspec/nichomachus-goal5, 0:01.10, 1.07, 0.02, Unknown
ind/benchmarks-dtt/hipspec/nichomachus-goal2, 0:00.06, 0.06, 0.00, Proved
ind/benchmarks-dtt/hipspec/rotate-goal7, 2:00.00, 120.14, 0.61, Unknown
ind/benchmarks-dtt/hipspec/sg/rotate-goal9, 0:00.90, 0.91, 0.01, Proved
ind/benchmarks-dtt/hipspec/sg/rev-equiv-goal7, 0:00.07, 0.07, 0.00, Proved
ind/benchmarks-dtt/hipspec/sg/nichomachus-goal4, 0:01.13, 1.10, 0.03, Unknown
ind/benchmarks-dtt/hipspec/sg/rotate-goal4, 0:02.75, 2.76, 0.06, Proved
ind/benchmarks-dtt/hipspec/sg/nichomachus-goal3, 0:01.13, 1.09, 0.04, Unknown
ind/benchmarks-dtt/hipspec/sg/rotate-goal8, 0:00.13, 0.12, 0.01, Proved
ind/benchmarks-dtt/hipspec/sg/nichomachus-goal8, 0:01.14, 1.10, 0.04, Unknown
ind/benchmarks-dtt/hipspec/sg/rev-equiv-goal6, 0:00.07, 0.07, 0.00, Proved
ind/benchmarks-dtt/hipspec/sg/nichomachus-goal7, 0:02.82, 2.75, 0.07, Unknown
ind/benchmarks-dtt/hipspec/sg/nichomachus-goal9, 0:01.55, 1.46, 0.09, Unknown
ind/benchmarks-dtt/hipspec/sg/nichomachus-goal6, 0:01.20, 1.16, 0.03, Unknown
ind/benchmarks-dtt/hipspec/sg/nichomachus-goal5, 0:01.19, 1.13, 0.05, Unknown
ind/benchmarks-dtt/hipspec/sg/nichomachus-goal2, 0:00.12, 0.10, 0.01, Proved
ind/benchmarks-dtt/hipspec/sg/rotate-goal7, 2:00.01, 119.70, 0.33, Unknown
ind/benchmarks-dtt/hipspec/sg/rev-equiv-goal3, 1:20.62, 80.82, 0.59, Proved
ind/benchmarks-dtt/hipspec/sg/rev-equiv-goal8, 0:00.42, 0.41, 0.01, Proved
ind/benchmarks-dtt/hipspec/rev-equiv-goal2, 0:00.07, 0.06, 0.00, Proved
ind/benchmarks-dtt/hipspec/rotate-goal6, 0:23.31, 23.25, 0.06, Proved
ind/benchmarks-dtt/hipspec/rotate-goal3, 0:05.03, 5.02, 0.08, Unknown
ind/benchmarks-dtt/hipspec/rotate-goal5, 0:01.05, 1.01, 0.03, Unknown
ind/benchmarks-dtt/hipspec/rev-equiv-goal3, 2:00.00, 120.39, 0.85, Unknown
ind/benchmarks-dtt/hipspec/rev-equiv-goal8, 2:00.00, 121.07, 1.68, Unknown
ind/benchmarks-dtt/isaplanner/goal78, 0:00.10, 0.05, 0.00, Proved
ind/benchmarks-dtt/isaplanner/goal14, 0:00.06, 0.06, 0.00, Proved
ind/benchmarks-dtt/isaplanner/goal4, 0:00.05, 0.05, 0.00, Proved
ind/benchmarks-dtt/isaplanner/goal50, 2:00.00, 120.67, 1.77, Unknown
ind/benchmarks-dtt/isaplanner/goal40, 0:00.05, 0.05, 0.00, Proved
ind/benchmarks-dtt/isaplanner/goal29, 0:00.05, 0.05, 0.00, Proved
ind/benchmarks-dtt/isaplanner/goal79, 0:20.06, 20.11, 0.21, Unknown
ind/benchmarks-dtt/isaplanner/goal58, 0:07.62, 7.61, 0.05, Unknown
ind/benchmarks-dtt/isaplanner/goal52, 0:07.92, 7.94, 0.04, Proved
ind/benchmarks-dtt/isaplanner/goal44, 0:00.09, 0.00, 0.00, Unknown
ind/benchmarks-dtt/isaplanner/goal12, 0:02.78, 2.78, 0.02, Unknown
ind/benchmarks-dtt/isaplanner/goal20, 2:00.00, 120.39, 0.83, Unknown
ind/benchmarks-dtt/isaplanner/goal34, 0:00.04, 0.04, 0.00, Proved
ind/benchmarks-dtt/isaplanner/goal74, 0:03.58, 3.56, 0.05, Unknown
ind/benchmarks-dtt/isaplanner/goal3, 0:00.06, 0.05, 0.00, Proved
ind/benchmarks-dtt/isaplanner/goal51, 2:00.00, 120.29, 0.79, Unknown
ind/benchmarks-dtt/isaplanner/goal17, 0:00.04, 0.04, 0.00, Proved
ind/benchmarks-dtt/isaplanner/goal77, 0:00.21, 0.20, 0.01, Proved
ind/benchmarks-dtt/isaplanner/goal15, 0:00.27, 0.27, 0.00, Proved
ind/benchmarks-dtt/isaplanner/goal46, 0:00.05, 0.05, 0.00, Proved
ind/benchmarks-dtt/isaplanner/goal83, 2:00.00, 121.16, 2.02, Unknown
ind/benchmarks-dtt/isaplanner/goal69, 0:00.15, 0.10, 0.00, Proved
ind/benchmarks-dtt/isaplanner/goal2, 0:00.05, 0.05, 0.00, Proved
ind/benchmarks-dtt/isaplanner/goal84, 0:22.97, 22.91, 0.08, Unknown
ind/benchmarks-dtt/isaplanner/goal49, 2:00.00, 120.97, 1.66, Unknown
ind/benchmarks-dtt/isaplanner/goal76, 0:03.63, 3.58, 0.03, Unknown
ind/benchmarks-dtt/isaplanner/goal1, 0:04.01, 3.99, 0.01, Proved
ind/benchmarks-dtt/isaplanner/goal68, 0:13.97, 14.04, 0.21, Proved
ind/benchmarks-dtt/isaplanner/goal6, 0:00.05, 0.04, 0.00, Proved
ind/benchmarks-dtt/isaplanner/goal62, 2:00.00, 121.00, 1.92, Unknown
ind/benchmarks-dtt/isaplanner/goal80, 2:00.00, 120.63, 1.27, Unknown
ind/benchmarks-dtt/isaplanner/goal21, 0:00.10, 0.05, 0.00, Proved
ind/benchmarks-dtt/isaplanner/goal63, 0:00.02, 0.01, 0.00, Unknown
ind/benchmarks-dtt/isaplanner/goal31, 0:00.04, 0.04, 0.00, Proved
ind/benchmarks-dtt/isaplanner/goal43, 0:01.48, 1.48, 0.03, Proved
ind/benchmarks-dtt/isaplanner/goal71, 0:00.04, 0.04, 0.00, Proved
ind/benchmarks-dtt/isaplanner/goal85, 0:06.14, 6.08, 0.08, Unknown
ind/benchmarks-dtt/isaplanner/goal38, 0:00.05, 0.05, 0.00, Proved
ind/benchmarks-dtt/isaplanner/goal54, 0:00.04, 0.04, 0.00, Proved
ind/benchmarks-dtt/isaplanner/goal39, 0:00.05, 0.05, 0.00, Proved
ind/benchmarks-dtt/isaplanner/goal28, 0:00.05, 0.04, 0.00, Proved
ind/benchmarks-dtt/isaplanner/goal32, 0:00.04, 0.04, 0.00, Proved
ind/benchmarks-dtt/isaplanner/goal66, 0:00.04, 0.04, 0.00, Proved
ind/benchmarks-dtt/isaplanner/goal23, 0:00.04, 0.04, 0.00, Proved
ind/benchmarks-dtt/isaplanner/goal8, 0:00.05, 0.05, 0.00, Proved
ind/benchmarks-dtt/isaplanner/goal18, 0:00.05, 0.05, 0.00, Proved
ind/benchmarks-dtt/isaplanner/goal48, 0:00.62, 0.61, 0.01, Proved
ind/benchmarks-dtt/isaplanner/goal65, 2:00.00, 121.00, 1.70, Unknown
ind/benchmarks-dtt/isaplanner/goal86, 0:06.85, 6.78, 0.04, Unknown
ind/benchmarks-dtt/isaplanner/goal60, 2:00.00, 120.56, 1.25, Unknown
ind/benchmarks-dtt/isaplanner/goal26, 0:00.19, 0.18, 0.00, Proved
ind/benchmarks-dtt/isaplanner/goal75, 0:18.43, 18.42, 0.10, Unknown
ind/benchmarks-dtt/isaplanner/goal73, 0:00.46, 0.46, 0.00, Proved
ind/benchmarks-dtt/isaplanner/goal81, 0:00.04, 0.04, 0.00, Proved
ind/benchmarks-dtt/isaplanner/goal67, 0:00.55, 0.55, 0.01, Proved
ind/benchmarks-dtt/isaplanner/goal64, 0:01.60, 1.59, 0.03, Proved
ind/benchmarks-dtt/isaplanner/goal56, 2:00.00, 120.79, 1.50, Unknown
ind/benchmarks-dtt/isaplanner/goal87, 0:09.61, 9.61, 0.07, Unknown
ind/benchmarks-dtt/isaplanner/goal22, 0:00.05, 0.04, 0.00, Proved
ind/benchmarks-dtt/isaplanner/goal45, 0:00.05, 0.05, 0.00, Proved
ind/benchmarks-dtt/isaplanner/goal57, 0:02.03, 2.03, 0.04, Proved
ind/benchmarks-dtt/isaplanner/goal37, 0:00.06, 0.05, 0.00, Proved
ind/benchmarks-dtt/isaplanner/goal13, 0:00.14, 0.13, 0.00, Proved
ind/benchmarks-dtt/isaplanner/goal19, 0:01.37, 1.39, 0.02, Proved
ind/benchmarks-dtt/isaplanner/goal42, 0:03.24, 3.24, 0.00, Proved
ind/benchmarks-dtt/isaplanner/goal36, 0:00.41, 0.41, 0.00, Proved
ind/benchmarks-dtt/isaplanner/goal59, 0:03.92, 3.89, 0.04, Unknown
ind/benchmarks-dtt/isaplanner/goal24, 0:00.05, 0.04, 0.00, Proved
ind/benchmarks-dtt/isaplanner/goal47, 0:02.10, 2.14, 0.02, Proved
ind/benchmarks-dtt/isaplanner/goal25, 0:00.05, 0.04, 0.00, Proved
ind/benchmarks-dtt/isaplanner/goal61, 2:00.00, 120.84, 1.70, Unknown
ind/benchmarks-dtt/isaplanner/goal9, 0:00.09, 0.04, 0.00, Proved
ind/benchmarks-dtt/isaplanner/goal55, 0:00.04, 0.04, 0.00, Proved
ind/benchmarks-dtt/isaplanner/goal5, 0:00.05, 0.05, 0.00, Proved
ind/benchmarks-dtt/isaplanner/goal53, 0:05.51, 5.54, 0.03, Proved
ind/benchmarks-dtt/isaplanner/goal35, 0:00.40, 0.40, 0.00, Proved
ind/benchmarks-dtt/isaplanner/goal72, 0:00.47, 0.46, 0.02, Proved
ind/benchmarks-dtt/isaplanner/goal82, 2:00.00, 120.81, 1.21, Unknown
ind/benchmarks-dtt/isaplanner/goal41, 0:06.41, 6.32, 0.10, Unknown
ind/benchmarks-dtt/isaplanner/goal70, 0:00.04, 0.03, 0.01, Proved
ind/benchmarks-dtt/isaplanner/goal30, 0:00.06, 0.06, 0.00, Proved
ind/benchmarks-dtt/isaplanner/goal27, 0:00.42, 0.42, 0.01, Proved
ind/benchmarks-dtt/isaplanner/goal7, 0:00.04, 0.04, 0.00, Proved
ind/benchmarks-dtt/isaplanner/goal10, 0:00.04, 0.03, 0.00, Proved
ind/benchmarks-dtt/isaplanner/goal11, 0:00.39, 0.39, 0.00, Proved
ind/benchmarks-dtt/isaplanner/goal33, 0:00.04, 0.04, 0.00, Proved
ind/benchmarks-dtt/isaplanner/goal16, 0:00.02, 0.01, 0.00, Unknown
ind/benchmarks-dtt/clam/goal78, 2:00.00, 120.21, 0.44, Unknown
ind/benchmarks-dtt/clam/goal14, 2:00.00, 121.05, 1.64, Unknown
ind/benchmarks-dtt/clam/goal4, 2:00.00, 119.98, 0.33, Unknown
ind/benchmarks-dtt/clam/goal50, 0:06.62, 6.63, 0.06, Proved
ind/benchmarks-dtt/clam/goal40, 0:00.09, 0.00, 0.00, Unknown
ind/benchmarks-dtt/clam/goal29, 2:00.00, 120.87, 2.07, Unknown
ind/benchmarks-dtt/clam/goal79, 2:00.00, 120.05, 0.09, Unknown
ind/benchmarks-dtt/clam/goal58, 0:00.06, 0.05, 0.00, Proved
ind/benchmarks-dtt/clam/goal52, 0:00.10, 0.10, 0.00, Proved
ind/benchmarks-dtt/clam/goal44, 0:00.08, 0.00, 0.00, Unknown
ind/benchmarks-dtt/clam/goal12, 2:00.00, 120.47, 0.69, Unknown
ind/benchmarks-dtt/clam/goal20, 0:02.88, 2.87, 0.02, Unknown
ind/benchmarks-dtt/clam/goal34, 0:01.05, 1.05, 0.00, Unknown
ind/benchmarks-dtt/clam/goal74, 0:00.04, 0.04, 0.00, Proved
ind/benchmarks-dtt/clam/goal3, 0:00.11, 0.11, 0.00, Proved
ind/benchmarks-dtt/clam/goal51, 0:00.04, 0.04, 0.00, Proved
ind/benchmarks-dtt/clam/goal17, 2:00.00, 119.98, 0.19, Unknown
ind/benchmarks-dtt/clam/goal77, 0:06.93, 6.94, 0.01, Proved
ind/benchmarks-dtt/clam/goal15, 0:00.05, 0.02, 0.01, Proved
ind/benchmarks-dtt/clam/goal46, 0:00.18, 0.18, 0.00, Proved
ind/benchmarks-dtt/clam/goal83, 0:13.80, 13.80, 0.09, Unknown
ind/benchmarks-dtt/clam/goal69, 0:00.71, 0.70, 0.02, Proved
ind/benchmarks-dtt/clam/goal2, 0:17.21, 17.23, 0.04, Proved
ind/benchmarks-dtt/clam/goal84, 0:01.05, 1.03, 0.02, Unknown
ind/benchmarks-dtt/clam/goal49, 2:00.01, 120.74, 1.23, Unknown
ind/benchmarks-dtt/clam/goal76, 0:39.81, 39.55, 0.23, Proved
ind/benchmarks-dtt/clam/goal1, 0:00.05, 0.04, 0.00, Proved
ind/benchmarks-dtt/clam/goal68, 0:00.48, 0.49, 0.00, Proved
ind/benchmarks-dtt/clam/goal6, 2:00.00, 120.66, 1.27, Unknown
ind/benchmarks-dtt/clam/goal62, 0:27.42, 27.54, 0.35, Unknown
ind/benchmarks-dtt/clam/goal80, 2:00.00, 120.30, 0.38, Unknown
ind/benchmarks-dtt/clam/goal21, 0:13.16, 13.20, 0.05, Unknown
ind/benchmarks-dtt/clam/goal63, 0:00.05, 0.04, 0.00, Proved
ind/benchmarks-dtt/clam/goal31, 2:00.00, 121.04, 2.03, Unknown
ind/benchmarks-dtt/clam/goal43, 0:00.13, 0.00, 0.00, Unknown
ind/benchmarks-dtt/clam/goal71, 0:00.76, 0.76, 0.02, Proved
ind/benchmarks-dtt/clam/goal85, 0:01.05, 1.04, 0.01, Unknown
ind/benchmarks-dtt/clam/goal38, 0:00.23, 0.21, 0.01, Proved
ind/benchmarks-dtt/clam/goal54, 0:00.22, 0.21, 0.01, Proved
ind/benchmarks-dtt/clam/goal39, 0:00.14, 0.14, 0.00, Proved
ind/benchmarks-dtt/clam/goal28, 2:00.00, 121.25, 1.95, Unknown
ind/benchmarks-dtt/clam/goal32, 2:00.00, 120.38, 0.74, Unknown
ind/benchmarks-dtt/clam/goal66, 0:00.09, 0.04, 0.00, Proved
ind/benchmarks-dtt/clam/goal23, 2:00.00, 120.83, 1.37, Unknown
ind/benchmarks-dtt/clam/goal8, 0:02.33, 2.30, 0.02, Unknown
ind/benchmarks-dtt/clam/goal18, 2:00.00, 120.07, 0.10, Unknown
ind/benchmarks-dtt/clam/goal48, 2:00.00, 120.69, 1.39, Unknown
ind/benchmarks-dtt/clam/goal65, 0:00.10, 0.09, 0.00, Proved
ind/benchmarks-dtt/clam/goal86, 0:01.06, 1.05, 0.01, Unknown
ind/benchmarks-dtt/clam/goal60, 0:00.06, 0.06, 0.00, Proved
ind/benchmarks-dtt/clam/goal26, 0:00.04, 0.03, 0.01, Proved
ind/benchmarks-dtt/clam/goal75, 0:03.98, 3.97, 0.03, Proved
ind/benchmarks-dtt/clam/goal73, 0:01.06, 1.06, 0.00, Unknown
ind/benchmarks-dtt/clam/goal81, 1:57.64, 117.86, 0.24, Unknown
ind/benchmarks-dtt/clam/sg/goal-sg16, 0:01.05, 1.03, 0.01, Unknown
ind/benchmarks-dtt/clam/sg/goal-sg9, 0:02.47, 2.48, 0.00, Unknown
ind/benchmarks-dtt/clam/sg/goal-sg23, 2:00.00, 120.78, 1.32, Unknown
ind/benchmarks-dtt/clam/sg/goal-sg50, 0:00.20, 0.19, 0.00, Proved
ind/benchmarks-dtt/clam/sg/goal-sg28, 0:01.44, 1.43, 0.02, Proved
ind/benchmarks-dtt/clam/sg/goal-sg3, 0:00.11, 0.11, 0.00, Proved
ind/benchmarks-dtt/clam/sg/goal-sg5, 0:00.90, 0.90, 0.02, Proved
ind/benchmarks-dtt/clam/sg/goal-sg1, 0:00.05, 0.05, 0.00, Proved
ind/benchmarks-dtt/clam/sg/goal-sg6, 2:00.00, 120.38, 0.82, Unknown
ind/benchmarks-dtt/clam/sg/goal-sg20, 0:00.40, 0.38, 0.01, Proved
ind/benchmarks-dtt/clam/sg/goal-sg4, 0:00.89, 0.90, 0.02, Proved
ind/benchmarks-dtt/clam/sg/goal-sg30, 0:05.31, 5.34, 0.11, Proved
ind/benchmarks-dtt/clam/sg/goal-sg8, 0:00.33, 0.32, 0.01, Proved
ind/benchmarks-dtt/clam/sg/goal-sg33, 0:01.14, 1.11, 0.02, Unknown
ind/benchmarks-dtt/clam/sg/goal-sg84, 0:05.10, 4.91, 0.19, Unknown
ind/benchmarks-dtt/clam/sg/goal-sg85, 0:01.06, 1.04, 0.01, Unknown
ind/benchmarks-dtt/clam/sg/goal-sg80, 0:02.82, 2.82, 0.01, Proved
ind/benchmarks-dtt/clam/sg/goal-sg13, 0:01.05, 1.02, 0.01, Unknown
ind/benchmarks-dtt/clam/sg/goal-sg31, 0:06.05, 6.11, 0.11, Proved
ind/benchmarks-dtt/clam/sg/goal-sg21, 0:02.88, 2.83, 0.06, Proved
ind/benchmarks-dtt/clam/sg/goal-sg86, 0:01.07, 1.04, 0.02, Unknown
ind/benchmarks-dtt/clam/sg/goal-sg7, 0:00.28, 0.28, 0.00, Proved
ind/benchmarks-dtt/clam/sg/goal-sg11, 2:00.00, 120.20, 0.55, Unknown
ind/benchmarks-dtt/clam/sg/goal-sg82, 2:00.00, 120.09, 0.38, Unknown
ind/benchmarks-dtt/clam/sg/goal-sg35, 0:01.07, 1.04, 0.02, Unknown
ind/benchmarks-dtt/clam/sg/goal-sg26, 0:00.06, 0.05, 0.00, Proved
ind/benchmarks-dtt/clam/sg/goal-sg18, 0:02.77, 2.75, 0.02, Proved
ind/benchmarks-dtt/clam/sg/goal-sg32, 0:00.90, 0.89, 0.02, Proved
ind/benchmarks-dtt/clam/sg/goal-sg24, 0:00.07, 0.06, 0.00, Proved
ind/benchmarks-dtt/clam/sg/goal-sg15, 0:00.04, 0.04, 0.00, Proved
ind/benchmarks-dtt/clam/sg/goal-sg79, 0:03.30, 3.29, 0.02, Proved
ind/benchmarks-dtt/clam/sg/goal-sg2, 0:03.18, 3.17, 0.02, Proved
ind/benchmarks-dtt/clam/sg/goal-sg78, 0:02.77, 2.72, 0.05, Proved
ind/benchmarks-dtt/clam/sg/goal-sg12, 0:00.07, 0.07, 0.00, Proved
ind/benchmarks-dtt/clam/sg/goal-sg14, 0:00.72, 0.72, 0.01, Proved
ind/benchmarks-dtt/clam/sg/goal-sg77, 0:03.42, 3.37, 0.06, Proved
ind/benchmarks-dtt/clam/sg/goal-sg29, 0:05.24, 5.30, 0.07, Proved
ind/benchmarks-dtt/clam/sg/goal-sg10, 0:00.82, 0.82, 0.01, Proved
ind/benchmarks-dtt/clam/sg/goal-sg48, 0:01.34, 1.36, 0.01, Proved
ind/benchmarks-dtt/clam/sg/goal-sg49, 0:00.59, 0.58, 0.01, Proved
ind/benchmarks-dtt/clam/sg/goal-sg27, 0:00.41, 0.42, 0.00, Proved
ind/benchmarks-dtt/clam/sg/goal-sg76, 0:00.09, 0.08, 0.00, Proved
ind/benchmarks-dtt/clam/sg/goal-sg75, 0:00.07, 0.06, 0.01, Proved
ind/benchmarks-dtt/clam/sg/goal-sg34, 0:00.05, 0.04, 0.00, Proved
ind/benchmarks-dtt/clam/sg/goal-sg81, 0:02.97, 2.95, 0.03, Proved
ind/benchmarks-dtt/clam/sg/goal-sg25, 0:00.22, 0.22, 0.00, Proved
ind/benchmarks-dtt/clam/sg/goal-sg19, 0:01.66, 1.66, 0.01, Proved
ind/benchmarks-dtt/clam/sg/goal-sg83, 0:01.76, 1.71, 0.06, Proved
ind/benchmarks-dtt/clam/sg/goal-sg22, 2:00.00, 121.26, 1.86, Unknown
ind/benchmarks-dtt/clam/sg/goal-sg17, 0:00.06, 0.06, 0.00, Proved
ind/benchmarks-dtt/clam/goal67, 0:00.04, 0.04, 0.00, Proved
ind/benchmarks-dtt/clam/goal64, 0:00.22, 0.22, 0.00, Proved
ind/benchmarks-dtt/clam/goal56, 0:02.27, 2.26, 0.01, Unknown
ind/benchmarks-dtt/clam/goal22, 0:19.21, 19.25, 0.24, Unknown
ind/benchmarks-dtt/clam/goal45, 0:00.19, 0.17, 0.01, Proved
ind/benchmarks-dtt/clam/goal57, 0:02.21, 2.20, 0.01, Unknown
ind/benchmarks-dtt/clam/goal37, 0:00.42, 0.42, 0.00, Proved
ind/benchmarks-dtt/clam/goal13, 0:01.05, 1.03, 0.01, Unknown
ind/benchmarks-dtt/clam/goal19, 2:00.00, 120.24, 0.28, Unknown
ind/benchmarks-dtt/clam/goal42, 0:00.09, 0.00, 0.00, Unknown
ind/benchmarks-dtt/clam/goal36, 0:00.18, 0.18, 0.00, Proved
ind/benchmarks-dtt/clam/goal59, 0:02.51, 2.50, 0.01, Proved
ind/benchmarks-dtt/clam/goal24, 0:00.05, 0.04, 0.00, Proved
ind/benchmarks-dtt/clam/goal47, 0:00.75, 0.76, 0.01, Proved
ind/benchmarks-dtt/clam/goal25, 0:00.22, 0.22, 0.00, Proved
ind/benchmarks-dtt/clam/goal61, 0:00.05, 0.04, 0.01, Proved
ind/benchmarks-dtt/clam/goal9, 0:02.36, 2.35, 0.02, Unknown
ind/benchmarks-dtt/clam/goal55, 0:00.45, 0.45, 0.00, Proved
ind/benchmarks-dtt/clam/goal5, 2:00.00, 120.89, 1.42, Unknown
ind/benchmarks-dtt/clam/goal53, 0:00.11, 0.10, 0.00, Proved
ind/benchmarks-dtt/clam/goal35, 0:01.06, 1.05, 0.01, Unknown
ind/benchmarks-dtt/clam/goal72, 0:00.05, 0.05, 0.00, Proved
ind/benchmarks-dtt/clam/goal82, 2:00.00, 120.07, 0.28, Unknown
ind/benchmarks-dtt/clam/goal41, 0:00.09, 0.00, 0.00, Unknown
ind/benchmarks-dtt/clam/goal70, 0:00.19, 0.19, 0.00, Proved
ind/benchmarks-dtt/clam/goal30, 2:00.00, 120.95, 1.48, Unknown
ind/benchmarks-dtt/clam/goal27, 2:00.00, 120.94, 1.97, Unknown
ind/benchmarks-dtt/clam/goal7, 0:00.31, 0.26, 0.01, Proved
ind/benchmarks-dtt/clam/goal10, 2:00.00, 120.62, 1.23, Unknown
ind/benchmarks-dtt/clam/goal11, 2:00.00, 120.04, 0.28, Unknown
ind/benchmarks-dtt/clam/goal33, 0:01.05, 1.04, 0.00, Unknown
ind/benchmarks-dtt/clam/goal16, 0:01.04, 1.04, 0.00, Unknown
